type;machine;compiler;size;tilew;tileh;threads;kernel;variant;tiling;iterations;schedule;places;label;arg;config;time;total_cycles;total_stalls
img2d;patrin;GCC-12;4096;32;16;16;ssandPile;ocl_hybrid_thick;default;1000;static;cores;C1_Dense_4096;4partout;60:1;335977;-1;-1
img2d;patrin;GCC-12;4096;32;16;16;ssandPile;ocl_hybrid_thick;default;1000;static;cores;C1_Dense_4096;4partout;60:2;330401;-1;-1
img2d;patrin;GCC-12;4096;32;16;16;ssandPile;ocl_hybrid_thick;default;1000;static;cores;C1_Dense_4096;4partout;60:3;331226;-1;-1
img2d;patrin;GCC-12;4096;32;16;16;ssandPile;ocl_hybrid_thick;default;1000;static;cores;C1_Dense_4096;4partout;60:4;333482;-1;-1
img2d;patrin;GCC-12;4096;32;16;16;ssandPile;ocl_hybrid_thick;default;1000;static;cores;C1_Dense_4096;4partout;60:5;335722;-1;-1
img2d;patrin;GCC-12;4096;32;16;16;ssandPile;ocl_hybrid_thick;default;1000;static;cores;C1_Dense_4096;4partout;60:1;328974;-1;-1
img2d;patrin;GCC-12;4096;32;16;16;ssandPile;ocl_hybrid_thick;default;1000;static;cores;C1_Dense_4096;4partout;60:2;330470;-1;-1
img2d;patrin;GCC-12;4096;32;16;16;ssandPile;ocl_hybrid_thick;default;1000;static;cores;C1_Dense_4096;4partout;60:3;331655;-1;-1
img2d;patrin;GCC-12;4096;32;16;16;ssandPile;ocl_hybrid_thick;default;1000;static;cores;C1_Dense_4096;4partout;60:4;333305;-1;-1
img2d;patrin;GCC-12;4096;32;16;16;ssandPile;ocl_hybrid_thick;default;1000;static;cores;C1_Dense_4096;4partout;60:5;335433;-1;-1
img2d;patrin;GCC-12;4096;32;16;16;ssandPile;ocl_hybrid_thick;default;1000;static;cores;C1_Dense_4096;4partout;60:1;329410;-1;-1
img2d;patrin;GCC-12;4096;32;16;16;ssandPile;ocl_hybrid_thick;default;1000;static;cores;C1_Dense_4096;4partout;60:2;330592;-1;-1
img2d;patrin;GCC-12;4096;32;16;16;ssandPile;ocl_hybrid_thick;default;1000;static;cores;C1_Dense_4096;4partout;60:3;331796;-1;-1
img2d;patrin;GCC-12;4096;32;16;16;ssandPile;ocl_hybrid_thick;default;1000;static;cores;C1_Dense_4096;4partout;60:4;333142;-1;-1
img2d;patrin;GCC-12;4096;32;16;16;ssandPile;ocl_hybrid_thick;default;1000;static;cores;C1_Dense_4096;4partout;60:5;335696;-1;-1
img2d;patrin;GCC-12;4096;32;16;16;ssandPile;ocl_hybrid_thick;default;1000;static;cores;C1_Dense_4096;4partout;60:1;329550;-1;-1
img2d;patrin;GCC-12;4096;32;16;16;ssandPile;ocl_hybrid_thick;default;1000;static;cores;C1_Dense_4096;4partout;60:2;330484;-1;-1
img2d;patrin;GCC-12;4096;32;16;16;ssandPile;ocl_hybrid_thick;default;1000;static;cores;C1_Dense_4096;4partout;60:3;331920;-1;-1
img2d;patrin;GCC-12;4096;32;16;16;ssandPile;ocl_hybrid_thick;default;1000;static;cores;C1_Dense_4096;4partout;60:4;333188;-1;-1
img2d;patrin;GCC-12;4096;32;16;16;ssandPile;ocl_hybrid_thick;default;1000;static;cores;C1_Dense_4096;4partout;60:5;336080;-1;-1
img2d;patrin;GCC-12;4096;32;16;16;ssandPile;ocl_hybrid_thick;default;1000;static;cores;C1_Dense_4096;4partout;60:1;329935;-1;-1
img2d;patrin;GCC-12;4096;32;16;16;ssandPile;ocl_hybrid_thick;default;1000;static;cores;C1_Dense_4096;4partout;60:2;330304;-1;-1
img2d;patrin;GCC-12;4096;32;16;16;ssandPile;ocl_hybrid_thick;default;1000;static;cores;C1_Dense_4096;4partout;60:3;349260;-1;-1
img2d;patrin;GCC-12;4096;32;16;16;ssandPile;ocl_hybrid_thick;default;1000;static;cores;C1_Dense_4096;4partout;60:4;333596;-1;-1
img2d;patrin;GCC-12;4096;32;16;16;ssandPile;ocl_hybrid_thick;default;1000;static;cores;C1_Dense_4096;4partout;60:5;335361;-1;-1
img2d;patrin;GCC-12;1024;32;16;16;ssandPile;ocl_hybrid_thick;default;4000;static;cores;C2_Dense_1024;4partout;60:1;116958;-1;-1
img2d;patrin;GCC-12;1024;32;16;16;ssandPile;ocl_hybrid_thick;default;4000;static;cores;C2_Dense_1024;4partout;60:2;103707;-1;-1
img2d;patrin;GCC-12;1024;32;16;16;ssandPile;ocl_hybrid_thick;default;4000;static;cores;C2_Dense_1024;4partout;60:3;104642;-1;-1
img2d;patrin;GCC-12;1024;32;16;16;ssandPile;ocl_hybrid_thick;default;4000;static;cores;C2_Dense_1024;4partout;60:4;104778;-1;-1
img2d;patrin;GCC-12;1024;32;16;16;ssandPile;ocl_hybrid_thick;default;4000;static;cores;C2_Dense_1024;4partout;60:5;106493;-1;-1
img2d;patrin;GCC-12;1024;32;16;16;ssandPile;ocl_hybrid_thick;default;4000;static;cores;C2_Dense_1024;4partout;60:1;105189;-1;-1
img2d;patrin;GCC-12;1024;32;16;16;ssandPile;ocl_hybrid_thick;default;4000;static;cores;C2_Dense_1024;4partout;60:2;103680;-1;-1
img2d;patrin;GCC-12;1024;32;16;16;ssandPile;ocl_hybrid_thick;default;4000;static;cores;C2_Dense_1024;4partout;60:3;119306;-1;-1
img2d;patrin;GCC-12;1024;32;16;16;ssandPile;ocl_hybrid_thick;default;4000;static;cores;C2_Dense_1024;4partout;60:4;104835;-1;-1
img2d;patrin;GCC-12;1024;32;16;16;ssandPile;ocl_hybrid_thick;default;4000;static;cores;C2_Dense_1024;4partout;60:5;106405;-1;-1
img2d;patrin;GCC-12;1024;32;16;16;ssandPile;ocl_hybrid_thick;default;4000;static;cores;C2_Dense_1024;4partout;60:1;105218;-1;-1
img2d;patrin;GCC-12;1024;32;16;16;ssandPile;ocl_hybrid_thick;default;4000;static;cores;C2_Dense_1024;4partout;60:2;103743;-1;-1
img2d;patrin;GCC-12;1024;32;16;16;ssandPile;ocl_hybrid_thick;default;4000;static;cores;C2_Dense_1024;4partout;60:3;104676;-1;-1
img2d;patrin;GCC-12;1024;32;16;16;ssandPile;ocl_hybrid_thick;default;4000;static;cores;C2_Dense_1024;4partout;60:4;104584;-1;-1
img2d;patrin;GCC-12;1024;32;16;16;ssandPile;ocl_hybrid_thick;default;4000;static;cores;C2_Dense_1024;4partout;60:5;106472;-1;-1
img2d;patrin;GCC-12;1024;32;16;16;ssandPile;ocl_hybrid_thick;default;4000;static;cores;C2_Dense_1024;4partout;60:1;105053;-1;-1
img2d;patrin;GCC-12;1024;32;16;16;ssandPile;ocl_hybrid_thick;default;4000;static;cores;C2_Dense_1024;4partout;60:2;103405;-1;-1
img2d;patrin;GCC-12;1024;32;16;16;ssandPile;ocl_hybrid_thick;default;4000;static;cores;C2_Dense_1024;4partout;60:3;104573;-1;-1
img2d;patrin;GCC-12;1024;32;16;16;ssandPile;ocl_hybrid_thick;default;4000;static;cores;C2_Dense_1024;4partout;60:4;104832;-1;-1
img2d;patrin;GCC-12;1024;32;16;16;ssandPile;ocl_hybrid_thick;default;4000;static;cores;C2_Dense_1024;4partout;60:5;114800;-1;-1
img2d;patrin;GCC-12;1024;32;16;16;ssandPile;ocl_hybrid_thick;default;4000;static;cores;C2_Dense_1024;4partout;60:1;105110;-1;-1
img2d;patrin;GCC-12;1024;32;16;16;ssandPile;ocl_hybrid_thick;default;4000;static;cores;C2_Dense_1024;4partout;60:2;103807;-1;-1
img2d;patrin;GCC-12;1024;32;16;16;ssandPile;ocl_hybrid_thick;default;4000;static;cores;C2_Dense_1024;4partout;60:3;108960;-1;-1
img2d;patrin;GCC-12;1024;32;16;16;ssandPile;ocl_hybrid_thick;default;4000;static;cores;C2_Dense_1024;4partout;60:4;104875;-1;-1
img2d;patrin;GCC-12;1024;32;16;16;ssandPile;ocl_hybrid_thick;default;4000;static;cores;C2_Dense_1024;4partout;60:5;106419;-1;-1
img2d;patrin;GCC-12;2048;32;16;16;ssandPile;ocl_hybrid_thick;default;2000;static;cores;C3_Sparse_2048;spirals;60:1;158420;-1;-1
img2d;patrin;GCC-12;2048;32;16;16;ssandPile;ocl_hybrid_thick;default;2000;static;cores;C3_Sparse_2048;spirals;60:2;157914;-1;-1
img2d;patrin;GCC-12;2048;32;16;16;ssandPile;ocl_hybrid_thick;default;2000;static;cores;C3_Sparse_2048;spirals;60:3;158831;-1;-1
img2d;patrin;GCC-12;2048;32;16;16;ssandPile;ocl_hybrid_thick;default;2000;static;cores;C3_Sparse_2048;spirals;60:4;160308;-1;-1
img2d;patrin;GCC-12;2048;32;16;16;ssandPile;ocl_hybrid_thick;default;2000;static;cores;C3_Sparse_2048;spirals;60:5;162013;-1;-1
img2d;patrin;GCC-12;2048;32;16;16;ssandPile;ocl_hybrid_thick;default;2000;static;cores;C3_Sparse_2048;spirals;60:1;158516;-1;-1
img2d;patrin;GCC-12;2048;32;16;16;ssandPile;ocl_hybrid_thick;default;2000;static;cores;C3_Sparse_2048;spirals;60:2;157904;-1;-1
img2d;patrin;GCC-12;2048;32;16;16;ssandPile;ocl_hybrid_thick;default;2000;static;cores;C3_Sparse_2048;spirals;60:3;158700;-1;-1
img2d;patrin;GCC-12;2048;32;16;16;ssandPile;ocl_hybrid_thick;default;2000;static;cores;C3_Sparse_2048;spirals;60:4;160371;-1;-1
img2d;patrin;GCC-12;2048;32;16;16;ssandPile;ocl_hybrid_thick;default;2000;static;cores;C3_Sparse_2048;spirals;60:5;161847;-1;-1
img2d;patrin;GCC-12;2048;32;16;16;ssandPile;ocl_hybrid_thick;default;2000;static;cores;C3_Sparse_2048;spirals;60:1;158348;-1;-1
img2d;patrin;GCC-12;2048;32;16;16;ssandPile;ocl_hybrid_thick;default;2000;static;cores;C3_Sparse_2048;spirals;60:2;157957;-1;-1
img2d;patrin;GCC-12;2048;32;16;16;ssandPile;ocl_hybrid_thick;default;2000;static;cores;C3_Sparse_2048;spirals;60:3;158792;-1;-1
img2d;patrin;GCC-12;2048;32;16;16;ssandPile;ocl_hybrid_thick;default;2000;static;cores;C3_Sparse_2048;spirals;60:4;160375;-1;-1
img2d;patrin;GCC-12;2048;32;16;16;ssandPile;ocl_hybrid_thick;default;2000;static;cores;C3_Sparse_2048;spirals;60:5;161894;-1;-1
img2d;patrin;GCC-12;2048;32;16;16;ssandPile;ocl_hybrid_thick;default;2000;static;cores;C3_Sparse_2048;spirals;60:1;158461;-1;-1
img2d;patrin;GCC-12;2048;32;16;16;ssandPile;ocl_hybrid_thick;default;2000;static;cores;C3_Sparse_2048;spirals;60:2;162869;-1;-1
img2d;patrin;GCC-12;2048;32;16;16;ssandPile;ocl_hybrid_thick;default;2000;static;cores;C3_Sparse_2048;spirals;60:3;158816;-1;-1
img2d;patrin;GCC-12;2048;32;16;16;ssandPile;ocl_hybrid_thick;default;2000;static;cores;C3_Sparse_2048;spirals;60:4;160418;-1;-1
img2d;patrin;GCC-12;2048;32;16;16;ssandPile;ocl_hybrid_thick;default;2000;static;cores;C3_Sparse_2048;spirals;60:5;162015;-1;-1
img2d;patrin;GCC-12;2048;32;16;16;ssandPile;ocl_hybrid_thick;default;2000;static;cores;C3_Sparse_2048;spirals;60:1;158419;-1;-1
img2d;patrin;GCC-12;2048;32;16;16;ssandPile;ocl_hybrid_thick;default;2000;static;cores;C3_Sparse_2048;spirals;60:2;157869;-1;-1
img2d;patrin;GCC-12;2048;32;16;16;ssandPile;ocl_hybrid_thick;default;2000;static;cores;C3_Sparse_2048;spirals;60:3;158923;-1;-1
img2d;patrin;GCC-12;2048;32;16;16;ssandPile;ocl_hybrid_thick;default;2000;static;cores;C3_Sparse_2048;spirals;60:4;160300;-1;-1
img2d;patrin;GCC-12;2048;32;16;16;ssandPile;ocl_hybrid_thick;default;2000;static;cores;C3_Sparse_2048;spirals;60:5;162061;-1;-1
img2d;patrin;GCC-12;4096;32;16;16;ssandPile;ocl_hybrid_thick;default;1000;static;cores;C1_Dense_4096;4partout;60:1;333129;-1;-1
img2d;patrin;GCC-12;4096;32;16;16;ssandPile;ocl_hybrid_thick;default;1000;static;cores;C1_Dense_4096;4partout;60:2;330497;-1;-1
img2d;patrin;GCC-12;4096;32;16;16;ssandPile;ocl_hybrid_thick;default;1000;static;cores;C1_Dense_4096;4partout;60:3;332260;-1;-1
img2d;patrin;GCC-12;4096;32;16;16;ssandPile;ocl_hybrid_thick;default;1000;static;cores;C1_Dense_4096;4partout;60:4;333864;-1;-1
img2d;patrin;GCC-12;4096;32;16;16;ssandPile;ocl_hybrid_thick;default;1000;static;cores;C1_Dense_4096;4partout;60:5;335723;-1;-1
img2d;patrin;GCC-12;4096;32;16;16;ssandPile;ocl_hybrid_thick;default;1000;static;cores;C1_Dense_4096;4partout;60:1;330284;-1;-1
img2d;patrin;GCC-12;4096;32;16;16;ssandPile;ocl_hybrid_thick;default;1000;static;cores;C1_Dense_4096;4partout;60:2;330397;-1;-1
img2d;patrin;GCC-12;4096;32;16;16;ssandPile;ocl_hybrid_thick;default;1000;static;cores;C1_Dense_4096;4partout;60:3;331709;-1;-1
img2d;patrin;GCC-12;4096;32;16;16;ssandPile;ocl_hybrid_thick;default;1000;static;cores;C1_Dense_4096;4partout;60:4;333320;-1;-1
img2d;patrin;GCC-12;4096;32;16;16;ssandPile;ocl_hybrid_thick;default;1000;static;cores;C1_Dense_4096;4partout;60:5;335575;-1;-1
img2d;patrin;GCC-12;4096;32;16;16;ssandPile;ocl_hybrid_thick;default;1000;static;cores;C1_Dense_4096;4partout;60:1;330376;-1;-1
img2d;patrin;GCC-12;4096;32;16;16;ssandPile;ocl_hybrid_thick;default;1000;static;cores;C1_Dense_4096;4partout;60:2;331644;-1;-1
img2d;patrin;GCC-12;4096;32;16;16;ssandPile;ocl_hybrid_thick;default;1000;static;cores;C1_Dense_4096;4partout;60:3;332885;-1;-1
img2d;patrin;GCC-12;4096;32;16;16;ssandPile;ocl_hybrid_thick;default;1000;static;cores;C1_Dense_4096;4partout;60:4;334602;-1;-1
img2d;patrin;GCC-12;4096;32;16;16;ssandPile;ocl_hybrid_thick;default;1000;static;cores;C1_Dense_4096;4partout;60:5;336221;-1;-1
img2d;patrin;GCC-12;4096;32;16;16;ssandPile;ocl_hybrid_thick;default;1000;static;cores;C1_Dense_4096;4partout;60:1;331035;-1;-1
img2d;patrin;GCC-12;4096;32;16;16;ssandPile;ocl_hybrid_thick;default;1000;static;cores;C1_Dense_4096;4partout;60:2;330872;-1;-1
img2d;patrin;GCC-12;4096;32;16;16;ssandPile;ocl_hybrid_thick;default;1000;static;cores;C1_Dense_4096;4partout;60:3;332363;-1;-1
img2d;patrin;GCC-12;4096;32;16;16;ssandPile;ocl_hybrid_thick;default;1000;static;cores;C1_Dense_4096;4partout;60:4;334297;-1;-1
img2d;patrin;GCC-12;4096;32;16;16;ssandPile;ocl_hybrid_thick;default;1000;static;cores;C1_Dense_4096;4partout;60:5;336522;-1;-1
img2d;patrin;GCC-12;4096;32;16;16;ssandPile;ocl_hybrid_thick;default;1000;static;cores;C1_Dense_4096;4partout;60:1;331191;-1;-1
img2d;patrin;GCC-12;4096;32;16;16;ssandPile;ocl_hybrid_thick;default;1000;static;cores;C1_Dense_4096;4partout;60:2;331389;-1;-1
img2d;patrin;GCC-12;4096;32;16;16;ssandPile;ocl_hybrid_thick;default;1000;static;cores;C1_Dense_4096;4partout;60:3;333009;-1;-1
img2d;patrin;GCC-12;4096;32;16;16;ssandPile;ocl_hybrid_thick;default;1000;static;cores;C1_Dense_4096;4partout;60:4;334369;-1;-1
img2d;patrin;GCC-12;4096;32;16;16;ssandPile;ocl_hybrid_thick;default;1000;static;cores;C1_Dense_4096;4partout;60:5;336544;-1;-1
img2d;patrin;GCC-12;1024;32;16;16;ssandPile;ocl_hybrid_thick;default;4000;static;cores;C2_Dense_1024;4partout;60:1;105491;-1;-1
img2d;patrin;GCC-12;1024;32;16;16;ssandPile;ocl_hybrid_thick;default;4000;static;cores;C2_Dense_1024;4partout;60:2;103830;-1;-1
img2d;patrin;GCC-12;1024;32;16;16;ssandPile;ocl_hybrid_thick;default;4000;static;cores;C2_Dense_1024;4partout;60:3;104738;-1;-1
img2d;patrin;GCC-12;1024;32;16;16;ssandPile;ocl_hybrid_thick;default;4000;static;cores;C2_Dense_1024;4partout;60:4;124570;-1;-1
img2d;patrin;GCC-12;1024;32;16;16;ssandPile;ocl_hybrid_thick;default;4000;static;cores;C2_Dense_1024;4partout;60:5;106693;-1;-1
img2d;patrin;GCC-12;1024;32;16;16;ssandPile;ocl_hybrid_thick;default;4000;static;cores;C2_Dense_1024;4partout;60:1;105374;-1;-1
img2d;patrin;GCC-12;1024;32;16;16;ssandPile;ocl_hybrid_thick;default;4000;static;cores;C2_Dense_1024;4partout;60:2;103915;-1;-1
img2d;patrin;GCC-12;1024;32;16;16;ssandPile;ocl_hybrid_thick;default;4000;static;cores;C2_Dense_1024;4partout;60:3;104857;-1;-1
img2d;patrin;GCC-12;1024;32;16;16;ssandPile;ocl_hybrid_thick;default;4000;static;cores;C2_Dense_1024;4partout;60:4;104963;-1;-1
img2d;patrin;GCC-12;1024;32;16;16;ssandPile;ocl_hybrid_thick;default;4000;static;cores;C2_Dense_1024;4partout;60:5;106726;-1;-1
img2d;patrin;GCC-12;1024;32;16;16;ssandPile;ocl_hybrid_thick;default;4000;static;cores;C2_Dense_1024;4partout;60:1;105357;-1;-1
img2d;patrin;GCC-12;1024;32;16;16;ssandPile;ocl_hybrid_thick;default;4000;static;cores;C2_Dense_1024;4partout;60:2;103684;-1;-1
img2d;patrin;GCC-12;1024;32;16;16;ssandPile;ocl_hybrid_thick;default;4000;static;cores;C2_Dense_1024;4partout;60:3;105039;-1;-1
img2d;patrin;GCC-12;1024;32;16;16;ssandPile;ocl_hybrid_thick;default;4000;static;cores;C2_Dense_1024;4partout;60:4;109046;-1;-1
img2d;patrin;GCC-12;1024;32;16;16;ssandPile;ocl_hybrid_thick;default;4000;static;cores;C2_Dense_1024;4partout;60:5;106615;-1;-1
img2d;patrin;GCC-12;1024;32;16;16;ssandPile;ocl_hybrid_thick;default;4000;static;cores;C2_Dense_1024;4partout;60:1;105245;-1;-1
img2d;patrin;GCC-12;1024;32;16;16;ssandPile;ocl_hybrid_thick;default;4000;static;cores;C2_Dense_1024;4partout;60:2;107920;-1;-1
img2d;patrin;GCC-12;1024;32;16;16;ssandPile;ocl_hybrid_thick;default;4000;static;cores;C2_Dense_1024;4partout;60:3;104935;-1;-1
img2d;patrin;GCC-12;1024;32;16;16;ssandPile;ocl_hybrid_thick;default;4000;static;cores;C2_Dense_1024;4partout;60:4;104977;-1;-1
img2d;patrin;GCC-12;1024;32;16;16;ssandPile;ocl_hybrid_thick;default;4000;static;cores;C2_Dense_1024;4partout;60:5;106755;-1;-1
img2d;patrin;GCC-12;1024;32;16;16;ssandPile;ocl_hybrid_thick;default;4000;static;cores;C2_Dense_1024;4partout;60:1;105430;-1;-1
img2d;patrin;GCC-12;1024;32;16;16;ssandPile;ocl_hybrid_thick;default;4000;static;cores;C2_Dense_1024;4partout;60:2;103909;-1;-1
img2d;patrin;GCC-12;1024;32;16;16;ssandPile;ocl_hybrid_thick;default;4000;static;cores;C2_Dense_1024;4partout;60:3;105033;-1;-1
img2d;patrin;GCC-12;1024;32;16;16;ssandPile;ocl_hybrid_thick;default;4000;static;cores;C2_Dense_1024;4partout;60:4;109058;-1;-1
img2d;patrin;GCC-12;1024;32;16;16;ssandPile;ocl_hybrid_thick;default;4000;static;cores;C2_Dense_1024;4partout;60:5;106872;-1;-1
img2d;patrin;GCC-12;2048;32;16;16;ssandPile;ocl_hybrid_thick;default;2000;static;cores;C3_Sparse_2048;spirals;60:1;158892;-1;-1
img2d;patrin;GCC-12;2048;32;16;16;ssandPile;ocl_hybrid_thick;default;2000;static;cores;C3_Sparse_2048;spirals;60:2;158480;-1;-1
img2d;patrin;GCC-12;2048;32;16;16;ssandPile;ocl_hybrid_thick;default;2000;static;cores;C3_Sparse_2048;spirals;60:3;159434;-1;-1
img2d;patrin;GCC-12;2048;32;16;16;ssandPile;ocl_hybrid_thick;default;2000;static;cores;C3_Sparse_2048;spirals;60:4;160807;-1;-1
img2d;patrin;GCC-12;2048;32;16;16;ssandPile;ocl_hybrid_thick;default;2000;static;cores;C3_Sparse_2048;spirals;60:5;162409;-1;-1
img2d;patrin;GCC-12;2048;32;16;16;ssandPile;ocl_hybrid_thick;default;2000;static;cores;C3_Sparse_2048;spirals;60:1;159024;-1;-1
img2d;patrin;GCC-12;2048;32;16;16;ssandPile;ocl_hybrid_thick;default;2000;static;cores;C3_Sparse_2048;spirals;60:2;158468;-1;-1
img2d;patrin;GCC-12;2048;32;16;16;ssandPile;ocl_hybrid_thick;default;2000;static;cores;C3_Sparse_2048;spirals;60:3;159376;-1;-1
img2d;patrin;GCC-12;2048;32;16;16;ssandPile;ocl_hybrid_thick;default;2000;static;cores;C3_Sparse_2048;spirals;60:4;160778;-1;-1
img2d;patrin;GCC-12;2048;32;16;16;ssandPile;ocl_hybrid_thick;default;2000;static;cores;C3_Sparse_2048;spirals;60:5;162552;-1;-1
img2d;patrin;GCC-12;2048;32;16;16;ssandPile;ocl_hybrid_thick;default;2000;static;cores;C3_Sparse_2048;spirals;60:1;159122;-1;-1
img2d;patrin;GCC-12;2048;32;16;16;ssandPile;ocl_hybrid_thick;default;2000;static;cores;C3_Sparse_2048;spirals;60:2;158443;-1;-1
img2d;patrin;GCC-12;2048;32;16;16;ssandPile;ocl_hybrid_thick;default;2000;static;cores;C3_Sparse_2048;spirals;60:3;159397;-1;-1
img2d;patrin;GCC-12;2048;32;16;16;ssandPile;ocl_hybrid_thick;default;2000;static;cores;C3_Sparse_2048;spirals;60:4;161057;-1;-1
img2d;patrin;GCC-12;2048;32;16;16;ssandPile;ocl_hybrid_thick;default;2000;static;cores;C3_Sparse_2048;spirals;60:5;162515;-1;-1
img2d;patrin;GCC-12;2048;32;16;16;ssandPile;ocl_hybrid_thick;default;2000;static;cores;C3_Sparse_2048;spirals;60:1;159246;-1;-1
img2d;patrin;GCC-12;2048;32;16;16;ssandPile;ocl_hybrid_thick;default;2000;static;cores;C3_Sparse_2048;spirals;60:2;158569;-1;-1
img2d;patrin;GCC-12;2048;32;16;16;ssandPile;ocl_hybrid_thick;default;2000;static;cores;C3_Sparse_2048;spirals;60:3;159522;-1;-1
img2d;patrin;GCC-12;2048;32;16;16;ssandPile;ocl_hybrid_thick;default;2000;static;cores;C3_Sparse_2048;spirals;60:4;160869;-1;-1
img2d;patrin;GCC-12;2048;32;16;16;ssandPile;ocl_hybrid_thick;default;2000;static;cores;C3_Sparse_2048;spirals;60:5;162541;-1;-1
img2d;patrin;GCC-12;2048;32;16;16;ssandPile;ocl_hybrid_thick;default;2000;static;cores;C3_Sparse_2048;spirals;60:1;159256;-1;-1
img2d;patrin;GCC-12;2048;32;16;16;ssandPile;ocl_hybrid_thick;default;2000;static;cores;C3_Sparse_2048;spirals;60:2;158477;-1;-1
img2d;patrin;GCC-12;2048;32;16;16;ssandPile;ocl_hybrid_thick;default;2000;static;cores;C3_Sparse_2048;spirals;60:3;159318;-1;-1
img2d;patrin;GCC-12;2048;32;16;16;ssandPile;ocl_hybrid_thick;default;2000;static;cores;C3_Sparse_2048;spirals;60:4;160819;-1;-1
img2d;patrin;GCC-12;2048;32;16;16;ssandPile;ocl_hybrid_thick;default;2000;static;cores;C3_Sparse_2048;spirals;60:5;162415;-1;-1
img2d;patrin;GCC-12;4096;32;16;16;ssandPile;ocl_hybrid_thick;default;1000;static;cores;C1_Dense_4096;4partout;60:1;334066;-1;-1
img2d;patrin;GCC-12;4096;32;16;16;ssandPile;ocl_hybrid_thick;default;1000;static;cores;C1_Dense_4096;4partout;60:2;330992;-1;-1
img2d;patrin;GCC-12;4096;32;16;16;ssandPile;ocl_hybrid_thick;default;1000;static;cores;C1_Dense_4096;4partout;60:3;332684;-1;-1
img2d;patrin;GCC-12;4096;32;16;16;ssandPile;ocl_hybrid_thick;default;1000;static;cores;C1_Dense_4096;4partout;60:4;334750;-1;-1
img2d;patrin;GCC-12;4096;32;16;16;ssandPile;ocl_hybrid_thick;default;1000;static;cores;C1_Dense_4096;4partout;60:5;339506;-1;-1
img2d;patrin;GCC-12;4096;32;16;16;ssandPile;ocl_hybrid_thick;default;1000;static;cores;C1_Dense_4096;4partout;60:1;330554;-1;-1
img2d;patrin;GCC-12;4096;32;16;16;ssandPile;ocl_hybrid_thick;default;1000;static;cores;C1_Dense_4096;4partout;60:2;331771;-1;-1
img2d;patrin;GCC-12;4096;32;16;16;ssandPile;ocl_hybrid_thick;default;1000;static;cores;C1_Dense_4096;4partout;60:3;333156;-1;-1
img2d;patrin;GCC-12;4096;32;16;16;ssandPile;ocl_hybrid_thick;default;1000;static;cores;C1_Dense_4096;4partout;60:4;334379;-1;-1
img2d;patrin;GCC-12;4096;32;16;16;ssandPile;ocl_hybrid_thick;default;1000;static;cores;C1_Dense_4096;4partout;60:5;336623;-1;-1
img2d;patrin;GCC-12;4096;32;16;16;ssandPile;ocl_hybrid_thick;default;1000;static;cores;C1_Dense_4096;4partout;60:1;331203;-1;-1
img2d;patrin;GCC-12;4096;32;16;16;ssandPile;ocl_hybrid_thick;default;1000;static;cores;C1_Dense_4096;4partout;60:2;331099;-1;-1
img2d;patrin;GCC-12;4096;32;16;16;ssandPile;ocl_hybrid_thick;default;1000;static;cores;C1_Dense_4096;4partout;60:3;334047;-1;-1
img2d;patrin;GCC-12;4096;32;16;16;ssandPile;ocl_hybrid_thick;default;1000;static;cores;C1_Dense_4096;4partout;60:4;334327;-1;-1
img2d;patrin;GCC-12;4096;32;16;16;ssandPile;ocl_hybrid_thick;default;1000;static;cores;C1_Dense_4096;4partout;60:5;336456;-1;-1
img2d;patrin;GCC-12;4096;32;16;16;ssandPile;ocl_hybrid_thick;default;1000;static;cores;C1_Dense_4096;4partout;60:1;330310;-1;-1
img2d;patrin;GCC-12;4096;32;16;16;ssandPile;ocl_hybrid_thick;default;1000;static;cores;C1_Dense_4096;4partout;60:2;331360;-1;-1
img2d;patrin;GCC-12;4096;32;16;16;ssandPile;ocl_hybrid_thick;default;1000;static;cores;C1_Dense_4096;4partout;60:3;332684;-1;-1
img2d;patrin;GCC-12;4096;32;16;16;ssandPile;ocl_hybrid_thick;default;1000;static;cores;C1_Dense_4096;4partout;60:4;334962;-1;-1
img2d;patrin;GCC-12;4096;32;16;16;ssandPile;ocl_hybrid_thick;default;1000;static;cores;C1_Dense_4096;4partout;60:5;336818;-1;-1
img2d;patrin;GCC-12;4096;32;16;16;ssandPile;ocl_hybrid_thick;default;1000;static;cores;C1_Dense_4096;4partout;60:1;330559;-1;-1
img2d;patrin;GCC-12;4096;32;16;16;ssandPile;ocl_hybrid_thick;default;1000;static;cores;C1_Dense_4096;4partout;60:2;331249;-1;-1
img2d;patrin;GCC-12;4096;32;16;16;ssandPile;ocl_hybrid_thick;default;1000;static;cores;C1_Dense_4096;4partout;60:3;332939;-1;-1
img2d;patrin;GCC-12;4096;32;16;16;ssandPile;ocl_hybrid_thick;default;1000;static;cores;C1_Dense_4096;4partout;60:4;335045;-1;-1
img2d;patrin;GCC-12;4096;32;16;16;ssandPile;ocl_hybrid_thick;default;1000;static;cores;C1_Dense_4096;4partout;60:5;336628;-1;-1
img2d;patrin;GCC-12;1024;32;16;16;ssandPile;ocl_hybrid_thick;default;4000;static;cores;C2_Dense_1024;4partout;60:1;105458;-1;-1
img2d;patrin;GCC-12;1024;32;16;16;ssandPile;ocl_hybrid_thick;default;4000;static;cores;C2_Dense_1024;4partout;60:2;104093;-1;-1
img2d;patrin;GCC-12;1024;32;16;16;ssandPile;ocl_hybrid_thick;default;4000;static;cores;C2_Dense_1024;4partout;60:3;104989;-1;-1
img2d;patrin;GCC-12;1024;32;16;16;ssandPile;ocl_hybrid_thick;default;4000;static;cores;C2_Dense_1024;4partout;60:4;105094;-1;-1
img2d;patrin;GCC-12;1024;32;16;16;ssandPile;ocl_hybrid_thick;default;4000;static;cores;C2_Dense_1024;4partout;60:5;113845;-1;-1
img2d;patrin;GCC-12;1024;32;16;16;ssandPile;ocl_hybrid_thick;default;4000;static;cores;C2_Dense_1024;4partout;60:1;105377;-1;-1
img2d;patrin;GCC-12;1024;32;16;16;ssandPile;ocl_hybrid_thick;default;4000;static;cores;C2_Dense_1024;4partout;60:2;103900;-1;-1
img2d;patrin;GCC-12;1024;32;16;16;ssandPile;ocl_hybrid_thick;default;4000;static;cores;C2_Dense_1024;4partout;60:3;105084;-1;-1
img2d;patrin;GCC-12;1024;32;16;16;ssandPile;ocl_hybrid_thick;default;4000;static;cores;C2_Dense_1024;4partout;60:4;105167;-1;-1
img2d;patrin;GCC-12;1024;32;16;16;ssandPile;ocl_hybrid_thick;default;4000;static;cores;C2_Dense_1024;4partout;60:5;106920;-1;-1
img2d;patrin;GCC-12;1024;32;16;16;ssandPile;ocl_hybrid_thick;default;4000;static;cores;C2_Dense_1024;4partout;60:1;105477;-1;-1
img2d;patrin;GCC-12;1024;32;16;16;ssandPile;ocl_hybrid_thick;default;4000;static;cores;C2_Dense_1024;4partout;60:2;103917;-1;-1
img2d;patrin;GCC-12;1024;32;16;16;ssandPile;ocl_hybrid_thick;default;4000;static;cores;C2_Dense_1024;4partout;60:3;104903;-1;-1
img2d;patrin;GCC-12;1024;32;16;16;ssandPile;ocl_hybrid_thick;default;4000;static;cores;C2_Dense_1024;4partout;60:4;105086;-1;-1
img2d;patrin;GCC-12;1024;32;16;16;ssandPile;ocl_hybrid_thick;default;4000;static;cores;C2_Dense_1024;4partout;60:5;106729;-1;-1
img2d;patrin;GCC-12;1024;32;16;16;ssandPile;ocl_hybrid_thick;default;4000;static;cores;C2_Dense_1024;4partout;60:1;105892;-1;-1
img2d;patrin;GCC-12;1024;32;16;16;ssandPile;ocl_hybrid_thick;default;4000;static;cores;C2_Dense_1024;4partout;60:2;103883;-1;-1
img2d;patrin;GCC-12;1024;32;16;16;ssandPile;ocl_hybrid_thick;default;4000;static;cores;C2_Dense_1024;4partout;60:3;104936;-1;-1
img2d;patrin;GCC-12;1024;32;16;16;ssandPile;ocl_hybrid_thick;default;4000;static;cores;C2_Dense_1024;4partout;60:4;105088;-1;-1
img2d;patrin;GCC-12;1024;32;16;16;ssandPile;ocl_hybrid_thick;default;4000;static;cores;C2_Dense_1024;4partout;60:5;106697;-1;-1
img2d;patrin;GCC-12;1024;32;16;16;ssandPile;ocl_hybrid_thick;default;4000;static;cores;C2_Dense_1024;4partout;60:1;105468;-1;-1
img2d;patrin;GCC-12;1024;32;16;16;ssandPile;ocl_hybrid_thick;default;4000;static;cores;C2_Dense_1024;4partout;60:2;103916;-1;-1
img2d;patrin;GCC-12;1024;32;16;16;ssandPile;ocl_hybrid_thick;default;4000;static;cores;C2_Dense_1024;4partout;60:3;105041;-1;-1
img2d;patrin;GCC-12;1024;32;16;16;ssandPile;ocl_hybrid_thick;default;4000;static;cores;C2_Dense_1024;4partout;60:4;105168;-1;-1
img2d;patrin;GCC-12;1024;32;16;16;ssandPile;ocl_hybrid_thick;default;4000;static;cores;C2_Dense_1024;4partout;60:5;111048;-1;-1
img2d;patrin;GCC-12;2048;32;16;16;ssandPile;ocl_hybrid_thick;default;2000;static;cores;C3_Sparse_2048;spirals;60:1;159055;-1;-1
img2d;patrin;GCC-12;2048;32;16;16;ssandPile;ocl_hybrid_thick;default;2000;static;cores;C3_Sparse_2048;spirals;60:2;158670;-1;-1
img2d;patrin;GCC-12;2048;32;16;16;ssandPile;ocl_hybrid_thick;default;2000;static;cores;C3_Sparse_2048;spirals;60:3;159436;-1;-1
img2d;patrin;GCC-12;2048;32;16;16;ssandPile;ocl_hybrid_thick;default;2000;static;cores;C3_Sparse_2048;spirals;60:4;160984;-1;-1
img2d;patrin;GCC-12;2048;32;16;16;ssandPile;ocl_hybrid_thick;default;2000;static;cores;C3_Sparse_2048;spirals;60:5;162612;-1;-1
img2d;patrin;GCC-12;2048;32;16;16;ssandPile;ocl_hybrid_thick;default;2000;static;cores;C3_Sparse_2048;spirals;60:1;159173;-1;-1
img2d;patrin;GCC-12;2048;32;16;16;ssandPile;ocl_hybrid_thick;default;2000;static;cores;C3_Sparse_2048;spirals;60:2;158582;-1;-1
img2d;patrin;GCC-12;2048;32;16;16;ssandPile;ocl_hybrid_thick;default;2000;static;cores;C3_Sparse_2048;spirals;60:3;159588;-1;-1
img2d;patrin;GCC-12;2048;32;16;16;ssandPile;ocl_hybrid_thick;default;2000;static;cores;C3_Sparse_2048;spirals;60:4;160906;-1;-1
img2d;patrin;GCC-12;2048;32;16;16;ssandPile;ocl_hybrid_thick;default;2000;static;cores;C3_Sparse_2048;spirals;60:5;162515;-1;-1
img2d;patrin;GCC-12;2048;32;16;16;ssandPile;ocl_hybrid_thick;default;2000;static;cores;C3_Sparse_2048;spirals;60:1;158944;-1;-1
img2d;patrin;GCC-12;2048;32;16;16;ssandPile;ocl_hybrid_thick;default;2000;static;cores;C3_Sparse_2048;spirals;60:2;158255;-1;-1
img2d;patrin;GCC-12;2048;32;16;16;ssandPile;ocl_hybrid_thick;default;2000;static;cores;C3_Sparse_2048;spirals;60:3;159409;-1;-1
img2d;patrin;GCC-12;2048;32;16;16;ssandPile;ocl_hybrid_thick;default;2000;static;cores;C3_Sparse_2048;spirals;60:4;161375;-1;-1
img2d;patrin;GCC-12;2048;32;16;16;ssandPile;ocl_hybrid_thick;default;2000;static;cores;C3_Sparse_2048;spirals;60:5;162628;-1;-1
img2d;patrin;GCC-12;2048;32;16;16;ssandPile;ocl_hybrid_thick;default;2000;static;cores;C3_Sparse_2048;spirals;60:1;159329;-1;-1
img2d;patrin;GCC-12;2048;32;16;16;ssandPile;ocl_hybrid_thick;default;2000;static;cores;C3_Sparse_2048;spirals;60:2;158488;-1;-1
img2d;patrin;GCC-12;2048;32;16;16;ssandPile;ocl_hybrid_thick;default;2000;static;cores;C3_Sparse_2048;spirals;60:3;159449;-1;-1
img2d;patrin;GCC-12;2048;32;16;16;ssandPile;ocl_hybrid_thick;default;2000;static;cores;C3_Sparse_2048;spirals;60:4;160896;-1;-1
img2d;patrin;GCC-12;2048;32;16;16;ssandPile;ocl_hybrid_thick;default;2000;static;cores;C3_Sparse_2048;spirals;60:5;162529;-1;-1
img2d;patrin;GCC-12;2048;32;16;16;ssandPile;ocl_hybrid_thick;default;2000;static;cores;C3_Sparse_2048;spirals;60:1;159228;-1;-1
img2d;patrin;GCC-12;2048;32;16;16;ssandPile;ocl_hybrid_thick;default;2000;static;cores;C3_Sparse_2048;spirals;60:2;158451;-1;-1
img2d;patrin;GCC-12;2048;32;16;16;ssandPile;ocl_hybrid_thick;default;2000;static;cores;C3_Sparse_2048;spirals;60:3;159414;-1;-1
img2d;patrin;GCC-12;2048;32;16;16;ssandPile;ocl_hybrid_thick;default;2000;static;cores;C3_Sparse_2048;spirals;60:4;160977;-1;-1
img2d;patrin;GCC-12;2048;32;16;16;ssandPile;ocl_hybrid_thick;default;2000;static;cores;C3_Sparse_2048;spirals;60:5;164376;-1;-1
img2d;patrin;GCC-12;4096;32;16;16;ssandPile;ocl_hybrid_thick;default;1000;static;cores;C1_Dense_4096;4partout;60:1;334500;-1;-1
img2d;patrin;GCC-12;4096;32;16;16;ssandPile;ocl_hybrid_thick;default;1000;static;cores;C1_Dense_4096;4partout;60:2;331378;-1;-1
img2d;patrin;GCC-12;4096;32;16;16;ssandPile;ocl_hybrid_thick;default;1000;static;cores;C1_Dense_4096;4partout;60:3;332657;-1;-1
img2d;patrin;GCC-12;4096;32;16;16;ssandPile;ocl_hybrid_thick;default;1000;static;cores;C1_Dense_4096;4partout;60:4;334734;-1;-1
img2d;patrin;GCC-12;4096;32;16;16;ssandPile;ocl_hybrid_thick;default;1000;static;cores;C1_Dense_4096;4partout;60:5;336050;-1;-1
img2d;patrin;GCC-12;4096;32;16;16;ssandPile;ocl_hybrid_thick;default;1000;static;cores;C1_Dense_4096;4partout;60:1;330298;-1;-1
img2d;patrin;GCC-12;4096;32;16;16;ssandPile;ocl_hybrid_thick;default;1000;static;cores;C1_Dense_4096;4partout;60:2;331059;-1;-1
img2d;patrin;GCC-12;4096;32;16;16;ssandPile;ocl_hybrid_thick;default;1000;static;cores;C1_Dense_4096;4partout;60:3;332585;-1;-1
img2d;patrin;GCC-12;4096;32;16;16;ssandPile;ocl_hybrid_thick;default;1000;static;cores;C1_Dense_4096;4partout;60:4;334176;-1;-1
img2d;patrin;GCC-12;4096;32;16;16;ssandPile;ocl_hybrid_thick;default;1000;static;cores;C1_Dense_4096;4partout;60:5;336665;-1;-1
img2d;patrin;GCC-12;4096;32;16;16;ssandPile;ocl_hybrid_thick;default;1000;static;cores;C1_Dense_4096;4partout;60:1;329670;-1;-1
img2d;patrin;GCC-12;4096;32;16;16;ssandPile;ocl_hybrid_thick;default;1000;static;cores;C1_Dense_4096;4partout;60:2;331206;-1;-1
img2d;patrin;GCC-12;4096;32;16;16;ssandPile;ocl_hybrid_thick;default;1000;static;cores;C1_Dense_4096;4partout;60:3;332741;-1;-1
img2d;patrin;GCC-12;4096;32;16;16;ssandPile;ocl_hybrid_thick;default;1000;static;cores;C1_Dense_4096;4partout;60:4;335102;-1;-1
img2d;patrin;GCC-12;4096;32;16;16;ssandPile;ocl_hybrid_thick;default;1000;static;cores;C1_Dense_4096;4partout;60:5;336007;-1;-1
img2d;patrin;GCC-12;4096;32;16;16;ssandPile;ocl_hybrid_thick;default;1000;static;cores;C1_Dense_4096;4partout;60:1;330826;-1;-1
img2d;patrin;GCC-12;4096;32;16;16;ssandPile;ocl_hybrid_thick;default;1000;static;cores;C1_Dense_4096;4partout;60:2;330812;-1;-1
img2d;patrin;GCC-12;4096;32;16;16;ssandPile;ocl_hybrid_thick;default;1000;static;cores;C1_Dense_4096;4partout;60:3;407613;-1;-1
img2d;patrin;GCC-12;4096;32;16;16;ssandPile;ocl_hybrid_thick;default;1000;static;cores;C1_Dense_4096;4partout;60:4;335044;-1;-1
img2d;patrin;GCC-12;4096;32;16;16;ssandPile;ocl_hybrid_thick;default;1000;static;cores;C1_Dense_4096;4partout;60:5;337142;-1;-1
img2d;patrin;GCC-12;4096;32;16;16;ssandPile;ocl_hybrid_thick;default;1000;static;cores;C1_Dense_4096;4partout;60:1;330559;-1;-1
img2d;patrin;GCC-12;4096;32;16;16;ssandPile;ocl_hybrid_thick;default;1000;static;cores;C1_Dense_4096;4partout;60:2;331457;-1;-1
img2d;patrin;GCC-12;4096;32;16;16;ssandPile;ocl_hybrid_thick;default;1000;static;cores;C1_Dense_4096;4partout;60:3;333322;-1;-1
img2d;patrin;GCC-12;4096;32;16;16;ssandPile;ocl_hybrid_thick;default;1000;static;cores;C1_Dense_4096;4partout;60:4;335140;-1;-1
img2d;patrin;GCC-12;4096;32;16;16;ssandPile;ocl_hybrid_thick;default;1000;static;cores;C1_Dense_4096;4partout;60:5;336974;-1;-1
img2d;patrin;GCC-12;1024;32;16;16;ssandPile;ocl_hybrid_thick;default;4000;static;cores;C2_Dense_1024;4partout;60:1;105627;-1;-1
img2d;patrin;GCC-12;1024;32;16;16;ssandPile;ocl_hybrid_thick;default;4000;static;cores;C2_Dense_1024;4partout;60:2;103931;-1;-1
img2d;patrin;GCC-12;1024;32;16;16;ssandPile;ocl_hybrid_thick;default;4000;static;cores;C2_Dense_1024;4partout;60:3;105278;-1;-1
img2d;patrin;GCC-12;1024;32;16;16;ssandPile;ocl_hybrid_thick;default;4000;static;cores;C2_Dense_1024;4partout;60:4;105252;-1;-1
img2d;patrin;GCC-12;1024;32;16;16;ssandPile;ocl_hybrid_thick;default;4000;static;cores;C2_Dense_1024;4partout;60:5;107116;-1;-1
img2d;patrin;GCC-12;1024;32;16;16;ssandPile;ocl_hybrid_thick;default;4000;static;cores;C2_Dense_1024;4partout;60:1;105541;-1;-1
img2d;patrin;GCC-12;1024;32;16;16;ssandPile;ocl_hybrid_thick;default;4000;static;cores;C2_Dense_1024;4partout;60:2;107864;-1;-1
img2d;patrin;GCC-12;1024;32;16;16;ssandPile;ocl_hybrid_thick;default;4000;static;cores;C2_Dense_1024;4partout;60:3;105102;-1;-1
img2d;patrin;GCC-12;1024;32;16;16;ssandPile;ocl_hybrid_thick;default;4000;static;cores;C2_Dense_1024;4partout;60:4;105364;-1;-1
img2d;patrin;GCC-12;1024;32;16;16;ssandPile;ocl_hybrid_thick;default;4000;static;cores;C2_Dense_1024;4partout;60:5;111110;-1;-1
img2d;patrin;GCC-12;1024;32;16;16;ssandPile;ocl_hybrid_thick;default;4000;static;cores;C2_Dense_1024;4partout;60:1;105642;-1;-1
img2d;patrin;GCC-12;1024;32;16;16;ssandPile;ocl_hybrid_thick;default;4000;static;cores;C2_Dense_1024;4partout;60:2;103924;-1;-1
img2d;patrin;GCC-12;1024;32;16;16;ssandPile;ocl_hybrid_thick;default;4000;static;cores;C2_Dense_1024;4partout;60:3;105114;-1;-1
img2d;patrin;GCC-12;1024;32;16;16;ssandPile;ocl_hybrid_thick;default;4000;static;cores;C2_Dense_1024;4partout;60:4;105533;-1;-1
img2d;patrin;GCC-12;1024;32;16;16;ssandPile;ocl_hybrid_thick;default;4000;static;cores;C2_Dense_1024;4partout;60:5;119325;-1;-1
img2d;patrin;GCC-12;1024;32;16;16;ssandPile;ocl_hybrid_thick;default;4000;static;cores;C2_Dense_1024;4partout;60:1;105652;-1;-1
img2d;patrin;GCC-12;1024;32;16;16;ssandPile;ocl_hybrid_thick;default;4000;static;cores;C2_Dense_1024;4partout;60:2;104005;-1;-1
img2d;patrin;GCC-12;1024;32;16;16;ssandPile;ocl_hybrid_thick;default;4000;static;cores;C2_Dense_1024;4partout;60:3;105006;-1;-1
img2d;patrin;GCC-12;1024;32;16;16;ssandPile;ocl_hybrid_thick;default;4000;static;cores;C2_Dense_1024;4partout;60:4;115147;-1;-1
img2d;patrin;GCC-12;1024;32;16;16;ssandPile;ocl_hybrid_thick;default;4000;static;cores;C2_Dense_1024;4partout;60:5;106893;-1;-1
img2d;patrin;GCC-12;1024;32;16;16;ssandPile;ocl_hybrid_thick;default;4000;static;cores;C2_Dense_1024;4partout;60:1;105284;-1;-1
img2d;patrin;GCC-12;1024;32;16;16;ssandPile;ocl_hybrid_thick;default;4000;static;cores;C2_Dense_1024;4partout;60:2;104010;-1;-1
img2d;patrin;GCC-12;1024;32;16;16;ssandPile;ocl_hybrid_thick;default;4000;static;cores;C2_Dense_1024;4partout;60:3;105075;-1;-1
img2d;patrin;GCC-12;1024;32;16;16;ssandPile;ocl_hybrid_thick;default;4000;static;cores;C2_Dense_1024;4partout;60:4;105389;-1;-1
img2d;patrin;GCC-12;1024;32;16;16;ssandPile;ocl_hybrid_thick;default;4000;static;cores;C2_Dense_1024;4partout;60:5;110991;-1;-1
img2d;patrin;GCC-12;2048;32;16;16;ssandPile;ocl_hybrid_thick;default;2000;static;cores;C3_Sparse_2048;spirals;60:1;159338;-1;-1
img2d;patrin;GCC-12;2048;32;16;16;ssandPile;ocl_hybrid_thick;default;2000;static;cores;C3_Sparse_2048;spirals;60:2;158969;-1;-1
img2d;patrin;GCC-12;2048;32;16;16;ssandPile;ocl_hybrid_thick;default;2000;static;cores;C3_Sparse_2048;spirals;60:3;159776;-1;-1
img2d;patrin;GCC-12;2048;32;16;16;ssandPile;ocl_hybrid_thick;default;2000;static;cores;C3_Sparse_2048;spirals;60:4;161325;-1;-1
img2d;patrin;GCC-12;2048;32;16;16;ssandPile;ocl_hybrid_thick;default;2000;static;cores;C3_Sparse_2048;spirals;60:5;162858;-1;-1
img2d;patrin;GCC-12;2048;32;16;16;ssandPile;ocl_hybrid_thick;default;2000;static;cores;C3_Sparse_2048;spirals;60:1;159349;-1;-1
img2d;patrin;GCC-12;2048;32;16;16;ssandPile;ocl_hybrid_thick;default;2000;static;cores;C3_Sparse_2048;spirals;60:2;158857;-1;-1
img2d;patrin;GCC-12;2048;32;16;16;ssandPile;ocl_hybrid_thick;default;2000;static;cores;C3_Sparse_2048;spirals;60:3;159710;-1;-1
img2d;patrin;GCC-12;2048;32;16;16;ssandPile;ocl_hybrid_thick;default;2000;static;cores;C3_Sparse_2048;spirals;60:4;161299;-1;-1
img2d;patrin;GCC-12;2048;32;16;16;ssandPile;ocl_hybrid_thick;default;2000;static;cores;C3_Sparse_2048;spirals;60:5;163043;-1;-1
img2d;patrin;GCC-12;2048;32;16;16;ssandPile;ocl_hybrid_thick;default;2000;static;cores;C3_Sparse_2048;spirals;60:1;159526;-1;-1
img2d;patrin;GCC-12;2048;32;16;16;ssandPile;ocl_hybrid_thick;default;2000;static;cores;C3_Sparse_2048;spirals;60:2;158868;-1;-1
img2d;patrin;GCC-12;2048;32;16;16;ssandPile;ocl_hybrid_thick;default;2000;static;cores;C3_Sparse_2048;spirals;60:3;159640;-1;-1
img2d;patrin;GCC-12;2048;32;16;16;ssandPile;ocl_hybrid_thick;default;2000;static;cores;C3_Sparse_2048;spirals;60:4;161206;-1;-1
img2d;patrin;GCC-12;2048;32;16;16;ssandPile;ocl_hybrid_thick;default;2000;static;cores;C3_Sparse_2048;spirals;60:5;162831;-1;-1
img2d;patrin;GCC-12;2048;32;16;16;ssandPile;ocl_hybrid_thick;default;2000;static;cores;C3_Sparse_2048;spirals;60:1;159390;-1;-1
img2d;patrin;GCC-12;2048;32;16;16;ssandPile;ocl_hybrid_thick;default;2000;static;cores;C3_Sparse_2048;spirals;60:2;158916;-1;-1
img2d;patrin;GCC-12;2048;32;16;16;ssandPile;ocl_hybrid_thick;default;2000;static;cores;C3_Sparse_2048;spirals;60:3;159578;-1;-1
img2d;patrin;GCC-12;2048;32;16;16;ssandPile;ocl_hybrid_thick;default;2000;static;cores;C3_Sparse_2048;spirals;60:4;161258;-1;-1
img2d;patrin;GCC-12;2048;32;16;16;ssandPile;ocl_hybrid_thick;default;2000;static;cores;C3_Sparse_2048;spirals;60:5;162828;-1;-1
img2d;patrin;GCC-12;2048;32;16;16;ssandPile;ocl_hybrid_thick;default;2000;static;cores;C3_Sparse_2048;spirals;60:1;159369;-1;-1
img2d;patrin;GCC-12;2048;32;16;16;ssandPile;ocl_hybrid_thick;default;2000;static;cores;C3_Sparse_2048;spirals;60:2;158832;-1;-1
img2d;patrin;GCC-12;2048;32;16;16;ssandPile;ocl_hybrid_thick;default;2000;static;cores;C3_Sparse_2048;spirals;60:3;159732;-1;-1
img2d;patrin;GCC-12;2048;32;16;16;ssandPile;ocl_hybrid_thick;default;2000;static;cores;C3_Sparse_2048;spirals;60:4;161223;-1;-1
img2d;patrin;GCC-12;2048;32;16;16;ssandPile;ocl_hybrid_thick;default;2000;static;cores;C3_Sparse_2048;spirals;60:5;162933;-1;-1
img2d;patrin;GCC-12;4096;32;16;16;ssandPile;ocl_hybrid_thick;default;1000;static;cores;C1_Dense_4096;4partout;60:1;337364;-1;-1
img2d;patrin;GCC-12;4096;32;16;16;ssandPile;ocl_hybrid_thick;default;1000;static;cores;C1_Dense_4096;4partout;60:2;331771;-1;-1
img2d;patrin;GCC-12;4096;32;16;16;ssandPile;ocl_hybrid_thick;default;1000;static;cores;C1_Dense_4096;4partout;60:3;333378;-1;-1
img2d;patrin;GCC-12;4096;32;16;16;ssandPile;ocl_hybrid_thick;default;1000;static;cores;C1_Dense_4096;4partout;60:4;335711;-1;-1
img2d;patrin;GCC-12;4096;32;16;16;ssandPile;ocl_hybrid_thick;default;1000;static;cores;C1_Dense_4096;4partout;60:5;337299;-1;-1
img2d;patrin;GCC-12;4096;32;16;16;ssandPile;ocl_hybrid_thick;default;1000;static;cores;C1_Dense_4096;4partout;60:1;331147;-1;-1
img2d;patrin;GCC-12;4096;32;16;16;ssandPile;ocl_hybrid_thick;default;1000;static;cores;C1_Dense_4096;4partout;60:2;331879;-1;-1
img2d;patrin;GCC-12;4096;32;16;16;ssandPile;ocl_hybrid_thick;default;1000;static;cores;C1_Dense_4096;4partout;60:3;333345;-1;-1
img2d;patrin;GCC-12;4096;32;16;16;ssandPile;ocl_hybrid_thick;default;1000;static;cores;C1_Dense_4096;4partout;60:4;335427;-1;-1
img2d;patrin;GCC-12;4096;32;16;16;ssandPile;ocl_hybrid_thick;default;1000;static;cores;C1_Dense_4096;4partout;60:5;336944;-1;-1
img2d;patrin;GCC-12;4096;32;16;16;ssandPile;ocl_hybrid_thick;default;1000;static;cores;C1_Dense_4096;4partout;60:1;330794;-1;-1
img2d;patrin;GCC-12;4096;32;16;16;ssandPile;ocl_hybrid_thick;default;1000;static;cores;C1_Dense_4096;4partout;60:2;331635;-1;-1
img2d;patrin;GCC-12;4096;32;16;16;ssandPile;ocl_hybrid_thick;default;1000;static;cores;C1_Dense_4096;4partout;60:3;333129;-1;-1
img2d;patrin;GCC-12;4096;32;16;16;ssandPile;ocl_hybrid_thick;default;1000;static;cores;C1_Dense_4096;4partout;60:4;335432;-1;-1
img2d;patrin;GCC-12;4096;32;16;16;ssandPile;ocl_hybrid_thick;default;1000;static;cores;C1_Dense_4096;4partout;60:5;337176;-1;-1
img2d;patrin;GCC-12;4096;32;16;16;ssandPile;ocl_hybrid_thick;default;1000;static;cores;C1_Dense_4096;4partout;60:1;331268;-1;-1
img2d;patrin;GCC-12;4096;32;16;16;ssandPile;ocl_hybrid_thick;default;1000;static;cores;C1_Dense_4096;4partout;60:2;332133;-1;-1
img2d;patrin;GCC-12;4096;32;16;16;ssandPile;ocl_hybrid_thick;default;1000;static;cores;C1_Dense_4096;4partout;60:3;333643;-1;-1
img2d;patrin;GCC-12;4096;32;16;16;ssandPile;ocl_hybrid_thick;default;1000;static;cores;C1_Dense_4096;4partout;60:4;335514;-1;-1
img2d;patrin;GCC-12;4096;32;16;16;ssandPile;ocl_hybrid_thick;default;1000;static;cores;C1_Dense_4096;4partout;60:5;337383;-1;-1
img2d;patrin;GCC-12;4096;32;16;16;ssandPile;ocl_hybrid_thick;default;1000;static;cores;C1_Dense_4096;4partout;60:1;331318;-1;-1
img2d;patrin;GCC-12;4096;32;16;16;ssandPile;ocl_hybrid_thick;default;1000;static;cores;C1_Dense_4096;4partout;60:2;331840;-1;-1
img2d;patrin;GCC-12;4096;32;16;16;ssandPile;ocl_hybrid_thick;default;1000;static;cores;C1_Dense_4096;4partout;60:3;333377;-1;-1
img2d;patrin;GCC-12;4096;32;16;16;ssandPile;ocl_hybrid_thick;default;1000;static;cores;C1_Dense_4096;4partout;60:4;335407;-1;-1
img2d;patrin;GCC-12;4096;32;16;16;ssandPile;ocl_hybrid_thick;default;1000;static;cores;C1_Dense_4096;4partout;60:5;337546;-1;-1
img2d;patrin;GCC-12;1024;32;16;16;ssandPile;ocl_hybrid_thick;default;4000;static;cores;C2_Dense_1024;4partout;60:1;105743;-1;-1
img2d;patrin;GCC-12;1024;32;16;16;ssandPile;ocl_hybrid_thick;default;4000;static;cores;C2_Dense_1024;4partout;60:2;146563;-1;-1
img2d;patrin;GCC-12;1024;32;16;16;ssandPile;ocl_hybrid_thick;default;4000;static;cores;C2_Dense_1024;4partout;60:3;105214;-1;-1
img2d;patrin;GCC-12;1024;32;16;16;ssandPile;ocl_hybrid_thick;default;4000;static;cores;C2_Dense_1024;4partout;60:4;133016;-1;-1
img2d;patrin;GCC-12;1024;32;16;16;ssandPile;ocl_hybrid_thick;default;4000;static;cores;C2_Dense_1024;4partout;60:5;107047;-1;-1
img2d;patrin;GCC-12;1024;32;16;16;ssandPile;ocl_hybrid_thick;default;4000;static;cores;C2_Dense_1024;4partout;60:1;105360;-1;-1
img2d;patrin;GCC-12;1024;32;16;16;ssandPile;ocl_hybrid_thick;default;4000;static;cores;C2_Dense_1024;4partout;60:2;103961;-1;-1
img2d;patrin;GCC-12;1024;32;16;16;ssandPile;ocl_hybrid_thick;default;4000;static;cores;C2_Dense_1024;4partout;60:3;105186;-1;-1
img2d;patrin;GCC-12;1024;32;16;16;ssandPile;ocl_hybrid_thick;default;4000;static;cores;C2_Dense_1024;4partout;60:4;117005;-1;-1
img2d;patrin;GCC-12;1024;32;16;16;ssandPile;ocl_hybrid_thick;default;4000;static;cores;C2_Dense_1024;4partout;60:5;106854;-1;-1
img2d;patrin;GCC-12;1024;32;16;16;ssandPile;ocl_hybrid_thick;default;4000;static;cores;C2_Dense_1024;4partout;60:1;105512;-1;-1
img2d;patrin;GCC-12;1024;32;16;16;ssandPile;ocl_hybrid_thick;default;4000;static;cores;C2_Dense_1024;4partout;60:2;104083;-1;-1
img2d;patrin;GCC-12;1024;32;16;16;ssandPile;ocl_hybrid_thick;default;4000;static;cores;C2_Dense_1024;4partout;60:3;187068;-1;-1
img2d;patrin;GCC-12;1024;32;16;16;ssandPile;ocl_hybrid_thick;default;4000;static;cores;C2_Dense_1024;4partout;60:4;105576;-1;-1
img2d;patrin;GCC-12;1024;32;16;16;ssandPile;ocl_hybrid_thick;default;4000;static;cores;C2_Dense_1024;4partout;60:5;110656;-1;-1
img2d;patrin;GCC-12;1024;32;16;16;ssandPile;ocl_hybrid_thick;default;4000;static;cores;C2_Dense_1024;4partout;60:1;108816;-1;-1
img2d;patrin;GCC-12;1024;32;16;16;ssandPile;ocl_hybrid_thick;default;4000;static;cores;C2_Dense_1024;4partout;60:2;104069;-1;-1
img2d;patrin;GCC-12;1024;32;16;16;ssandPile;ocl_hybrid_thick;default;4000;static;cores;C2_Dense_1024;4partout;60:3;105145;-1;-1
img2d;patrin;GCC-12;1024;32;16;16;ssandPile;ocl_hybrid_thick;default;4000;static;cores;C2_Dense_1024;4partout;60:4;105336;-1;-1
img2d;patrin;GCC-12;1024;32;16;16;ssandPile;ocl_hybrid_thick;default;4000;static;cores;C2_Dense_1024;4partout;60:5;106995;-1;-1
img2d;patrin;GCC-12;1024;32;16;16;ssandPile;ocl_hybrid_thick;default;4000;static;cores;C2_Dense_1024;4partout;60:1;109143;-1;-1
img2d;patrin;GCC-12;1024;32;16;16;ssandPile;ocl_hybrid_thick;default;4000;static;cores;C2_Dense_1024;4partout;60:2;104017;-1;-1
img2d;patrin;GCC-12;1024;32;16;16;ssandPile;ocl_hybrid_thick;default;4000;static;cores;C2_Dense_1024;4partout;60:3;105323;-1;-1
img2d;patrin;GCC-12;1024;32;16;16;ssandPile;ocl_hybrid_thick;default;4000;static;cores;C2_Dense_1024;4partout;60:4;109208;-1;-1
img2d;patrin;GCC-12;1024;32;16;16;ssandPile;ocl_hybrid_thick;default;4000;static;cores;C2_Dense_1024;4partout;60:5;106961;-1;-1
img2d;patrin;GCC-12;2048;32;16;16;ssandPile;ocl_hybrid_thick;default;2000;static;cores;C3_Sparse_2048;spirals;60:1;159345;-1;-1
img2d;patrin;GCC-12;2048;32;16;16;ssandPile;ocl_hybrid_thick;default;2000;static;cores;C3_Sparse_2048;spirals;60:2;158861;-1;-1
img2d;patrin;GCC-12;2048;32;16;16;ssandPile;ocl_hybrid_thick;default;2000;static;cores;C3_Sparse_2048;spirals;60:3;159860;-1;-1
img2d;patrin;GCC-12;2048;32;16;16;ssandPile;ocl_hybrid_thick;default;2000;static;cores;C3_Sparse_2048;spirals;60:4;161340;-1;-1
img2d;patrin;GCC-12;2048;32;16;16;ssandPile;ocl_hybrid_thick;default;2000;static;cores;C3_Sparse_2048;spirals;60:5;162815;-1;-1
img2d;patrin;GCC-12;2048;32;16;16;ssandPile;ocl_hybrid_thick;default;2000;static;cores;C3_Sparse_2048;spirals;60:1;159389;-1;-1
img2d;patrin;GCC-12;2048;32;16;16;ssandPile;ocl_hybrid_thick;default;2000;static;cores;C3_Sparse_2048;spirals;60:2;158908;-1;-1
img2d;patrin;GCC-12;2048;32;16;16;ssandPile;ocl_hybrid_thick;default;2000;static;cores;C3_Sparse_2048;spirals;60:3;159710;-1;-1
img2d;patrin;GCC-12;2048;32;16;16;ssandPile;ocl_hybrid_thick;default;2000;static;cores;C3_Sparse_2048;spirals;60:4;161118;-1;-1
img2d;patrin;GCC-12;2048;32;16;16;ssandPile;ocl_hybrid_thick;default;2000;static;cores;C3_Sparse_2048;spirals;60:5;162801;-1;-1
img2d;patrin;GCC-12;2048;32;16;16;ssandPile;ocl_hybrid_thick;default;2000;static;cores;C3_Sparse_2048;spirals;60:1;159567;-1;-1
img2d;patrin;GCC-12;2048;32;16;16;ssandPile;ocl_hybrid_thick;default;2000;static;cores;C3_Sparse_2048;spirals;60:2;158987;-1;-1
img2d;patrin;GCC-12;2048;32;16;16;ssandPile;ocl_hybrid_thick;default;2000;static;cores;C3_Sparse_2048;spirals;60:3;159718;-1;-1
img2d;patrin;GCC-12;2048;32;16;16;ssandPile;ocl_hybrid_thick;default;2000;static;cores;C3_Sparse_2048;spirals;60:4;161278;-1;-1
img2d;patrin;GCC-12;2048;32;16;16;ssandPile;ocl_hybrid_thick;default;2000;static;cores;C3_Sparse_2048;spirals;60:5;162872;-1;-1
img2d;patrin;GCC-12;2048;32;16;16;ssandPile;ocl_hybrid_thick;default;2000;static;cores;C3_Sparse_2048;spirals;60:1;159365;-1;-1
img2d;patrin;GCC-12;2048;32;16;16;ssandPile;ocl_hybrid_thick;default;2000;static;cores;C3_Sparse_2048;spirals;60:2;158657;-1;-1
img2d;patrin;GCC-12;2048;32;16;16;ssandPile;ocl_hybrid_thick;default;2000;static;cores;C3_Sparse_2048;spirals;60:3;159843;-1;-1
img2d;patrin;GCC-12;2048;32;16;16;ssandPile;ocl_hybrid_thick;default;2000;static;cores;C3_Sparse_2048;spirals;60:4;161133;-1;-1
img2d;patrin;GCC-12;2048;32;16;16;ssandPile;ocl_hybrid_thick;default;2000;static;cores;C3_Sparse_2048;spirals;60:5;162908;-1;-1
img2d;patrin;GCC-12;2048;32;16;16;ssandPile;ocl_hybrid_thick;default;2000;static;cores;C3_Sparse_2048;spirals;60:1;159277;-1;-1
img2d;patrin;GCC-12;2048;32;16;16;ssandPile;ocl_hybrid_thick;default;2000;static;cores;C3_Sparse_2048;spirals;60:2;158736;-1;-1
img2d;patrin;GCC-12;2048;32;16;16;ssandPile;ocl_hybrid_thick;default;2000;static;cores;C3_Sparse_2048;spirals;60:3;159830;-1;-1
img2d;patrin;GCC-12;2048;32;16;16;ssandPile;ocl_hybrid_thick;default;2000;static;cores;C3_Sparse_2048;spirals;60:4;161187;-1;-1
img2d;patrin;GCC-12;2048;32;16;16;ssandPile;ocl_hybrid_thick;default;2000;static;cores;C3_Sparse_2048;spirals;60:5;162946;-1;-1
img2d;patrin;GCC-12;4096;32;16;16;ssandPile;ocl_hybrid_thick;default;1000;static;cores;C1_Dense_4096;4partout;60:1;337926;-1;-1
img2d;patrin;GCC-12;4096;32;16;16;ssandPile;ocl_hybrid_thick;default;1000;static;cores;C1_Dense_4096;4partout;60:2;330433;-1;-1
img2d;patrin;GCC-12;4096;32;16;16;ssandPile;ocl_hybrid_thick;default;1000;static;cores;C1_Dense_4096;4partout;60:3;331706;-1;-1
img2d;patrin;GCC-12;4096;32;16;16;ssandPile;ocl_hybrid_thick;default;1000;static;cores;C1_Dense_4096;4partout;60:4;334391;-1;-1
img2d;patrin;GCC-12;4096;32;16;16;ssandPile;ocl_hybrid_thick;default;1000;static;cores;C1_Dense_4096;4partout;60:5;335568;-1;-1
img2d;patrin;GCC-12;4096;32;16;16;ssandPile;ocl_hybrid_thick;default;1000;static;cores;C1_Dense_4096;4partout;60:1;330456;-1;-1
img2d;patrin;GCC-12;4096;32;16;16;ssandPile;ocl_hybrid_thick;default;1000;static;cores;C1_Dense_4096;4partout;60:2;331011;-1;-1
img2d;patrin;GCC-12;4096;32;16;16;ssandPile;ocl_hybrid_thick;default;1000;static;cores;C1_Dense_4096;4partout;60:3;332605;-1;-1
img2d;patrin;GCC-12;4096;32;16;16;ssandPile;ocl_hybrid_thick;default;1000;static;cores;C1_Dense_4096;4partout;60:4;334258;-1;-1
img2d;patrin;GCC-12;4096;32;16;16;ssandPile;ocl_hybrid_thick;default;1000;static;cores;C1_Dense_4096;4partout;60:5;336364;-1;-1
img2d;patrin;GCC-12;4096;32;16;16;ssandPile;ocl_hybrid_thick;default;1000;static;cores;C1_Dense_4096;4partout;60:1;330408;-1;-1
img2d;patrin;GCC-12;4096;32;16;16;ssandPile;ocl_hybrid_thick;default;1000;static;cores;C1_Dense_4096;4partout;60:2;331092;-1;-1
img2d;patrin;GCC-12;4096;32;16;16;ssandPile;ocl_hybrid_thick;default;1000;static;cores;C1_Dense_4096;4partout;60:3;332117;-1;-1
img2d;patrin;GCC-12;4096;32;16;16;ssandPile;ocl_hybrid_thick;default;1000;static;cores;C1_Dense_4096;4partout;60:4;334329;-1;-1
img2d;patrin;GCC-12;4096;32;16;16;ssandPile;ocl_hybrid_thick;default;1000;static;cores;C1_Dense_4096;4partout;60:5;335625;-1;-1
img2d;patrin;GCC-12;4096;32;16;16;ssandPile;ocl_hybrid_thick;default;1000;static;cores;C1_Dense_4096;4partout;60:1;329491;-1;-1
img2d;patrin;GCC-12;4096;32;16;16;ssandPile;ocl_hybrid_thick;default;1000;static;cores;C1_Dense_4096;4partout;60:2;331340;-1;-1
img2d;patrin;GCC-12;4096;32;16;16;ssandPile;ocl_hybrid_thick;default;1000;static;cores;C1_Dense_4096;4partout;60:3;331953;-1;-1
img2d;patrin;GCC-12;4096;32;16;16;ssandPile;ocl_hybrid_thick;default;1000;static;cores;C1_Dense_4096;4partout;60:4;334609;-1;-1
img2d;patrin;GCC-12;4096;32;16;16;ssandPile;ocl_hybrid_thick;default;1000;static;cores;C1_Dense_4096;4partout;60:5;336018;-1;-1
img2d;patrin;GCC-12;4096;32;16;16;ssandPile;ocl_hybrid_thick;default;1000;static;cores;C1_Dense_4096;4partout;60:1;329982;-1;-1
img2d;patrin;GCC-12;4096;32;16;16;ssandPile;ocl_hybrid_thick;default;1000;static;cores;C1_Dense_4096;4partout;60:2;330965;-1;-1
img2d;patrin;GCC-12;4096;32;16;16;ssandPile;ocl_hybrid_thick;default;1000;static;cores;C1_Dense_4096;4partout;60:3;331905;-1;-1
img2d;patrin;GCC-12;4096;32;16;16;ssandPile;ocl_hybrid_thick;default;1000;static;cores;C1_Dense_4096;4partout;60:4;334224;-1;-1
img2d;patrin;GCC-12;4096;32;16;16;ssandPile;ocl_hybrid_thick;default;1000;static;cores;C1_Dense_4096;4partout;60:5;337067;-1;-1
img2d;patrin;GCC-12;1024;32;16;16;ssandPile;ocl_hybrid_thick;default;4000;static;cores;C2_Dense_1024;4partout;60:1;105392;-1;-1
img2d;patrin;GCC-12;1024;32;16;16;ssandPile;ocl_hybrid_thick;default;4000;static;cores;C2_Dense_1024;4partout;60:2;104012;-1;-1
img2d;patrin;GCC-12;1024;32;16;16;ssandPile;ocl_hybrid_thick;default;4000;static;cores;C2_Dense_1024;4partout;60:3;105097;-1;-1
img2d;patrin;GCC-12;1024;32;16;16;ssandPile;ocl_hybrid_thick;default;4000;static;cores;C2_Dense_1024;4partout;60:4;105284;-1;-1
img2d;patrin;GCC-12;1024;32;16;16;ssandPile;ocl_hybrid_thick;default;4000;static;cores;C2_Dense_1024;4partout;60:5;106964;-1;-1
img2d;patrin;GCC-12;1024;32;16;16;ssandPile;ocl_hybrid_thick;default;4000;static;cores;C2_Dense_1024;4partout;60:1;105409;-1;-1
img2d;patrin;GCC-12;1024;32;16;16;ssandPile;ocl_hybrid_thick;default;4000;static;cores;C2_Dense_1024;4partout;60:2;107764;-1;-1
img2d;patrin;GCC-12;1024;32;16;16;ssandPile;ocl_hybrid_thick;default;4000;static;cores;C2_Dense_1024;4partout;60:3;104997;-1;-1
img2d;patrin;GCC-12;1024;32;16;16;ssandPile;ocl_hybrid_thick;default;4000;static;cores;C2_Dense_1024;4partout;60:4;106647;-1;-1
img2d;patrin;GCC-12;1024;32;16;16;ssandPile;ocl_hybrid_thick;default;4000;static;cores;C2_Dense_1024;4partout;60:5;107135;-1;-1
img2d;patrin;GCC-12;1024;32;16;16;ssandPile;ocl_hybrid_thick;default;4000;static;cores;C2_Dense_1024;4partout;60:1;105645;-1;-1
img2d;patrin;GCC-12;1024;32;16;16;ssandPile;ocl_hybrid_thick;default;4000;static;cores;C2_Dense_1024;4partout;60:2;104628;-1;-1
img2d;patrin;GCC-12;1024;32;16;16;ssandPile;ocl_hybrid_thick;default;4000;static;cores;C2_Dense_1024;4partout;60:3;105117;-1;-1
img2d;patrin;GCC-12;1024;32;16;16;ssandPile;ocl_hybrid_thick;default;4000;static;cores;C2_Dense_1024;4partout;60:4;105432;-1;-1
img2d;patrin;GCC-12;1024;32;16;16;ssandPile;ocl_hybrid_thick;default;4000;static;cores;C2_Dense_1024;4partout;60:5;106899;-1;-1
img2d;patrin;GCC-12;1024;32;16;16;ssandPile;ocl_hybrid_thick;default;4000;static;cores;C2_Dense_1024;4partout;60:1;105339;-1;-1
img2d;patrin;GCC-12;1024;32;16;16;ssandPile;ocl_hybrid_thick;default;4000;static;cores;C2_Dense_1024;4partout;60:2;104065;-1;-1
img2d;patrin;GCC-12;1024;32;16;16;ssandPile;ocl_hybrid_thick;default;4000;static;cores;C2_Dense_1024;4partout;60:3;105116;-1;-1
img2d;patrin;GCC-12;1024;32;16;16;ssandPile;ocl_hybrid_thick;default;4000;static;cores;C2_Dense_1024;4partout;60:4;105310;-1;-1
img2d;patrin;GCC-12;1024;32;16;16;ssandPile;ocl_hybrid_thick;default;4000;static;cores;C2_Dense_1024;4partout;60:5;106886;-1;-1
img2d;patrin;GCC-12;1024;32;16;16;ssandPile;ocl_hybrid_thick;default;4000;static;cores;C2_Dense_1024;4partout;60:1;105568;-1;-1
img2d;patrin;GCC-12;1024;32;16;16;ssandPile;ocl_hybrid_thick;default;4000;static;cores;C2_Dense_1024;4partout;60:2;103990;-1;-1
img2d;patrin;GCC-12;1024;32;16;16;ssandPile;ocl_hybrid_thick;default;4000;static;cores;C2_Dense_1024;4partout;60:3;104840;-1;-1
img2d;patrin;GCC-12;1024;32;16;16;ssandPile;ocl_hybrid_thick;default;4000;static;cores;C2_Dense_1024;4partout;60:4;109076;-1;-1
img2d;patrin;GCC-12;1024;32;16;16;ssandPile;ocl_hybrid_thick;default;4000;static;cores;C2_Dense_1024;4partout;60:5;106970;-1;-1
img2d;patrin;GCC-12;2048;32;16;16;ssandPile;ocl_hybrid_thick;default;2000;static;cores;C3_Sparse_2048;spirals;60:1;159414;-1;-1
img2d;patrin;GCC-12;2048;32;16;16;ssandPile;ocl_hybrid_thick;default;2000;static;cores;C3_Sparse_2048;spirals;60:2;158919;-1;-1
img2d;patrin;GCC-12;2048;32;16;16;ssandPile;ocl_hybrid_thick;default;2000;static;cores;C3_Sparse_2048;spirals;60:3;159632;-1;-1
img2d;patrin;GCC-12;2048;32;16;16;ssandPile;ocl_hybrid_thick;default;2000;static;cores;C3_Sparse_2048;spirals;60:4;161545;-1;-1
img2d;patrin;GCC-12;2048;32;16;16;ssandPile;ocl_hybrid_thick;default;2000;static;cores;C3_Sparse_2048;spirals;60:5;162692;-1;-1
img2d;patrin;GCC-12;2048;32;16;16;ssandPile;ocl_hybrid_thick;default;2000;static;cores;C3_Sparse_2048;spirals;60:1;159286;-1;-1
img2d;patrin;GCC-12;2048;32;16;16;ssandPile;ocl_hybrid_thick;default;2000;static;cores;C3_Sparse_2048;spirals;60:2;158742;-1;-1
img2d;patrin;GCC-12;2048;32;16;16;ssandPile;ocl_hybrid_thick;default;2000;static;cores;C3_Sparse_2048;spirals;60:3;159593;-1;-1
img2d;patrin;GCC-12;2048;32;16;16;ssandPile;ocl_hybrid_thick;default;2000;static;cores;C3_Sparse_2048;spirals;60:4;161453;-1;-1
img2d;patrin;GCC-12;2048;32;16;16;ssandPile;ocl_hybrid_thick;default;2000;static;cores;C3_Sparse_2048;spirals;60:5;162870;-1;-1
img2d;patrin;GCC-12;2048;32;16;16;ssandPile;ocl_hybrid_thick;default;2000;static;cores;C3_Sparse_2048;spirals;60:1;159361;-1;-1
img2d;patrin;GCC-12;2048;32;16;16;ssandPile;ocl_hybrid_thick;default;2000;static;cores;C3_Sparse_2048;spirals;60:2;158947;-1;-1
img2d;patrin;GCC-12;2048;32;16;16;ssandPile;ocl_hybrid_thick;default;2000;static;cores;C3_Sparse_2048;spirals;60:3;159775;-1;-1
img2d;patrin;GCC-12;2048;32;16;16;ssandPile;ocl_hybrid_thick;default;2000;static;cores;C3_Sparse_2048;spirals;60:4;161234;-1;-1
img2d;patrin;GCC-12;2048;32;16;16;ssandPile;ocl_hybrid_thick;default;2000;static;cores;C3_Sparse_2048;spirals;60:5;162823;-1;-1
img2d;patrin;GCC-12;2048;32;16;16;ssandPile;ocl_hybrid_thick;default;2000;static;cores;C3_Sparse_2048;spirals;60:1;159326;-1;-1
img2d;patrin;GCC-12;2048;32;16;16;ssandPile;ocl_hybrid_thick;default;2000;static;cores;C3_Sparse_2048;spirals;60:2;158825;-1;-1
img2d;patrin;GCC-12;2048;32;16;16;ssandPile;ocl_hybrid_thick;default;2000;static;cores;C3_Sparse_2048;spirals;60:3;159796;-1;-1
img2d;patrin;GCC-12;2048;32;16;16;ssandPile;ocl_hybrid_thick;default;2000;static;cores;C3_Sparse_2048;spirals;60:4;161361;-1;-1
img2d;patrin;GCC-12;2048;32;16;16;ssandPile;ocl_hybrid_thick;default;2000;static;cores;C3_Sparse_2048;spirals;60:5;162820;-1;-1
img2d;patrin;GCC-12;2048;32;16;16;ssandPile;ocl_hybrid_thick;default;2000;static;cores;C3_Sparse_2048;spirals;60:1;159541;-1;-1
img2d;patrin;GCC-12;2048;32;16;16;ssandPile;ocl_hybrid_thick;default;2000;static;cores;C3_Sparse_2048;spirals;60:2;158739;-1;-1
img2d;patrin;GCC-12;2048;32;16;16;ssandPile;ocl_hybrid_thick;default;2000;static;cores;C3_Sparse_2048;spirals;60:3;159821;-1;-1
img2d;patrin;GCC-12;2048;32;16;16;ssandPile;ocl_hybrid_thick;default;2000;static;cores;C3_Sparse_2048;spirals;60:4;161302;-1;-1
img2d;patrin;GCC-12;2048;32;16;16;ssandPile;ocl_hybrid_thick;default;2000;static;cores;C3_Sparse_2048;spirals;60:5;162935;-1;-1
